id,question,expected_answer,generated_answer,retrieved_context
1,¿qué producto específico se recomienda dar como suplemento preventivo a los bebés de 4 y 5 meses de edad independientemente de si nacieron a término o fueron prematuros?,A los 6 meses de edad,"Respuesta generada basada en: [medidas correctivas: a) Si se debe a que el niño, ...]","medidas correctivas:
a) Si se debe a que el niño, adolescente o gestante refiere efectos adversos que limitan que
continúe el consumo del suplemento de hierro, se le brindará, junto con la consejería, la
alternativa de complejo Polimaltosado Férrico.
b) Si se debe a que el niño, adolescente o gestante no consume el hierro por costumbre o
desinformación, se reforzará la consejería en el uso del suplemento y motivará a cumplir la
indicación en la toma del producto.
• Para el caso de niños menores 

ive o 3 años de edad cumplidos).
e) En el caso de niños mayores de 6 meses, y cuando el Establecimiento de Salud no cuente con
Micronutrientes, estos podrán recibir hierro en otra presentación, como gotas o jarabe de Sulfato
Ferroso o Complejo Polimaltosado Férrico.
f) En el caso de suspenderse el consumo de Micronutrientes, se deberá continuar con el esquema
hasta completar los 360 sobres; se procurará evitar tiempos prolongados de deserción.
Tabla N° 6
Suplementación Preventiva con Hierro y Mi"
